Countries,Avengers: Age of Ultron,Frozen,Iron Man 3,Minions,Captain America: Civil War
Kazakhstan,22%,53%,17%,<1%,8%
Bolivia,34%,43%,8%,3%,12%
American Samoa,,,,,
Marshall Islands,,,,,
Samoa,,,,,
Philippines,12%,60%,8%,12%,8%
South Korea,25%,44%,14%,12%,5%
Trinidad & Tobago,,,,,
Vanuatu,,,,,
Brunei,,,,,
Ecuador,16%,61%,12%,2%,9%
Mexico,14%,64%,10%,4%,8%
Kyrgyzstan,,,,,
Guam,,,,,
Micronesia,,,,,
Fiji,,,,,
Honduras,,,,,
Moldova,18%,55%,22%,1%,4%
Guatemala,15%,62%,9%,5%,9%
Guyana,,,,,
Russia,24%,48%,19%,<1%,9%
Suriname,,,,,
Mauritius,,,,,
Curaçao,,,,,
Northern Mariana Islands,,,,,
Grenada,,,,,
Mayotte,,,,,
Singapore,19%,40%,14%,15%,12%
Sri Lanka,20%,47%,14%,9%,10%
Belarus,23%,43%,26%,<1%,8%
Equatorial Guinea,,,,,
Papua New Guinea,,,,,
Nicaragua,,,,,
Puerto Rico,13%,63%,6%,10%,8%
India,31%,22%,20%,10%,17%
Bangladesh,22%,42%,14%,7%,15%
Dominican Republic,19%,56%,14%,4%,7%
Azerbaijan,25%,41%,21%,5%,8%
El Salvador,13%,67%,9%,4%,7%
Macao,,,,,
Panama,14%,66%,8%,5%,7%
Malaysia,12%,60%,13%,8%,7%
Sint Maarten,,,,,
Barbados,,,,,
Ukraine,20%,47%,22%,5%,6%
Réunion,,,,,
St Pierre & Miquelon,,,,,
Hong Kong,20%,41%,18%,10%,11%
Pakistan,16%,62%,9%,5%,8%
French Guiana,,,,,
Uzbekistan,,,,,
French Polynesia,,,,,
Paraguay,,,,,
Costa Rica,15%,61%,10%,6%,8%
St. Vincent & Grenadines,,,,,
Peru,13%,69%,9%,2%,7%
Isle of Man,,,,,
Cook Islands,,,,,
Jersey,,,,,
Chile,17%,57%,13%,4%,9%
St. Kitts & Nevis,,,,,
Seychelles,,,,,
Nepal,,,,,
Armenia,,,,,
Maldives,,,,,
United States,16%,51%,9%,12%,12%
Jamaica,,,,,
Martinique,,,,,
Thailand,19%,38%,33%,3%,7%
Guernsey,,,,,
Australia,16%,53%,9%,13%,9%
Belize,,,,,
Haiti,,,,,
Tajikistan,,,,,
Taiwan,17%,58%,13%,1%,11%
Guadeloupe,,,,,
Turkmenistan,,,,,
Bahamas,,,,,
St. Lucia,,,,,
New Zealand,16%,53%,9%,14%,8%
Indonesia,9%,64%,9%,11%,7%
Turks & Caicos Islands,,,,,
Mongolia,,,,,
Canada,17%,51%,10%,13%,9%
United Kingdom,15%,54%,8%,16%,7%
New Caledonia,,,,,
Greenland,,,,,
Venezuela,11%,75%,6%,2%,6%
South Africa,15%,44%,6%,27%,8%
Colombia,16%,59%,12%,5%,8%
Brazil,12%,70%,10%,1%,7%
Türkiye,23%,47%,21%,1%,8%
Georgia,,,,,
Argentina,13%,65%,10%,6%,6%
St. Barthélemy,,,,,
Uruguay,14%,62%,11%,7%,6%
United Arab Emirates,11%,67%,9%,6%,7%
Myanmar (Burma),,,,,
Bermuda,,,,,
Aruba,,,,,
US Virgin Islands,,,,,
Cayman Islands,,,,,
Ireland,14%,57%,7%,15%,7%
San Marino,,,,,
Anguilla,,,,,
Qatar,,,,,
Gibraltar,,,,,
Faroe Islands,,,,,
Poland,19%,63%,11%,1%,6%
Vietnam,15%,52%,20%,4%,9%
Namibia,,,,,
St. Martin,,,,,
Botswana,,,,,
Antigua & Barbuda,,,,,
Gabon,,,,,
Dominica,,,,,
St Helena,,,,,
Bhutan,,,,,
Zambia,,,,,
Uganda,,,,,
British Virgin Islands,,,,,
Mozambique,,,,,
Tonga,,,,,
Cape Verde,,,,,
Cambodia,,,,,
Cyprus,,,,,
Laos,,,,,
Czechia,19%,54%,15%,5%,7%
Hungary,16%,60%,13%,6%,5%
Iran,16%,51%,8%,17%,8%
Iceland,,,,,
Caribbean Netherlands,,,,,
Italy,15%,59%,13%,5%,8%
Nigeria,21%,47%,9%,5%,18%
Madagascar,,,,,
Angola,,,,,
Eswatini,,,,,
Ghana,,,,,
Afghanistan,,,,,
Bahrain,,,,,
Zimbabwe,,,,,
Malta,,,,,
Kosovo,,,,,
France,11%,72%,8%,4%,5%
Oman,,,,,
Solomon Islands,,,,,
North Macedonia,,,,,
Kuwait,,,,,
Timor-Leste,,,,,
Congo - Kinshasa,,,,,
Congo - Brazzaville,,,,,
Latvia,,,,,
Romania,12%,65%,12%,6%,5%
Egypt,13%,68%,12%,2%,5%
Cameroon,,,,,
Estonia,,,,,
Kenya,,,,,
Åland Islands,,,,,
Rwanda,,,,,
Burundi,,,,,
Togo,,,,,
Greece,13%,47%,10%,23%,7%
Slovakia,15%,64%,12%,5%,4%
Norway,17%,53%,11%,12%,7%
Monaco,,,,,
Malawi,,,,,
Israel,10%,59%,9%,18%,4%
Croatia,13%,67%,10%,6%,4%
Spain,12%,66%,8%,8%,6%
Albania,,,,,
Montenegro,,,,,
Côte d’Ivoire,,,,,
Denmark,19%,49%,12%,13%,7%
Djibouti,,,,,
Serbia,12%,69%,8%,7%,4%
Tanzania,,,,,
Andorra,,,,,
Gambia,,,,,
Lebanon,,,,,
Sweden,19%,52%,11%,10%,8%
Austria,16%,57%,11%,10%,6%
Senegal,,,,,
Bulgaria,10%,72%,8%,6%,4%
Bosnia & Herzegovina,,,,,
Luxembourg,,,,,
Benin,,,,,
Germany,16%,57%,10%,10%,7%
Jordan,,,,,
Guinea,,,,,
Portugal,11%,64%,10%,8%,7%
Belgium,10%,67%,10%,9%,4%
Switzerland,13%,60%,11%,10%,6%
Netherlands,12%,63%,8%,12%,5%
Niger,,,,,
Somalia,,,,,
Algeria,,,,,
Ethiopia,,,,,
Sierra Leone,,,,,
Tunisia,,,,,
Mauritania,,,,,
Finland,13%,62%,10%,11%,4%
Liberia,,,,,
Saudi Arabia,6%,82%,7%,2%,3%
Cuba,,,,,
Morocco,,,,,
Lithuania,,,,,
Lesotho,,,,,
Slovenia,,,,,
Syria,,,,,
Mali,,,,,
Japan,9%,48%,1%,39%,3%
Burkina Faso,,,,,
Iraq,,,,,
Sudan,,,,,
Libya,,,,,
Liechtenstein,,,,,
Palestine,,,,,
Yemen,,,,,
China,,,,,
Cocos (Keeling) Islands,,,,,
Svalbard & Jan Mayen,,,,,
Falkland Islands (Islas Malvinas),,,,,
Montserrat,,,,,
Chad,,,,,
Central African Republic,,,,,
Pitcairn Islands,,,,,
Bouvet Island,,,,,
Tuvalu,,,,,
Eritrea,,,,,
Kiribati,,,,,
British Indian Ocean Territory,,,,,
Western Sahara,,,,,
US Outlying Islands,,,,,
Nauru,,,,,
Norfolk Island,,,,,
Palau,,,,,
Vatican City,,,,,
Comoros,,,,,
North Korea,,,,,
French Southern Territories,,,,,
Antarctica,,,,,
São Tomé & Príncipe,,,,,
South Sudan,,,,,
Wallis & Futuna,,,,,
Heard & McDonald Islands,,,,,
Guinea-Bissau,,,,,
Christmas Island,,,,,
South Georgia & South Sandwich Islands,,,,,
Niue,,,,,
Tokelau,,,,,